{
  "communication": {
    "1": "No evidence of competency demonstrated",
    "2": "Demonstration of competency is below expectations and weak",
    "3": "Demonstration of competency is meetting expectations and good",
    "4": "Demonstration of competency is above expectations and strong",
    "5": "Demonstration of competency is outstanding and exceptional"
  },
  "teamwork": {
    "1": "No evidence of competency demonstrated",
    "2": "Demonstration of competency is below expectations and weak",
    "3": "Demonstration of competency is meetting expectations and good",
    "4": "Demonstration of competency is above expectations and strong",
    "5": "Demonstration of competency is outstanding and exceptional"
  },
  "problem_solving": {
    "1": "No evidence of competency demonstrated",
    "2": "Demonstration of competency is below expectations and weak",
    "3": "Demonstration of competency is meetting expectations and good",
    "4": "Demonstration of competency is above expectations and strong",
    "5": "Demonstration of competency is outstanding and exceptional"
  },
  "leadership": {
    "1": "No evidence of competency demonstrated",
    "2": "Demonstration of competency is below expectations and weak",
    "3": "Demonstration of competency is meetting expectations and good",
    "4": "Demonstration of competency is above expectations and strong",
    "5": "Demonstration of competency is outstanding and exceptional"
  }
}