Question,Details
MaQ1,time magazine labeled the millennials as the threatening and exciting generation. do millennials really deserve the hype? whats your experience of working with this fresh workforce?
MaQ2,what are the challenges you have experienced working with millennials?
MaQ3,what are the good traits you have noticed in them?
MaQ4,what kind of ethics do they bring to work?
MaQ5,"millennials want feedback and want to be mentored practically. they wish to know from their mentors what steps they had taken to reach where they are. as a manager, are you ready and willing to provide such opportunity? if already implementing certain programs, what are the experience and the outcome?"
MaQ6,"millennials are heavy users of social media, believe in the power of technology and are firm believers of work-value fit. how are organizations gearing up to support their needs?"
MaQ7,what initiatives can organizations take to retain millennial workforce?
MaQ8,how can organizations get creative with rewards and recognition in retaining millennials?
MaQ9,some studies say managers are having trouble building relationships with millennial employees and understanding what motivates them to be effective workers. do you agree? whats your experience?
MaQ10,hr-what are the soft skills requiredstrategies you are planning to use to bridge the gap between millennials and older managers?
MiQ1,"at work, what excites you most?"
MiQ2,what gives you utmost satisfaction?
MiQ3,"is work-life balance important for you? if yes, why? if not, why not?"
MiQ4,how difficulteasy is it to communicatedeal with older generations? what aspects do you specifically  and dislike in them?
MiQ5,what is that you  most in your organization? you can list all the aspects you 
MiQ6,what are the aspects you do not  in your organization or would  to see improving?
MiQ7,"five years from now, where do you see yourself in your profession? do you think your current organization can support those goals? if yes, how? if not, why not, what is lacking?"
MiQ8,would you  to continue in this same profession all through life? what are your career plans in the long run?
MiQ9,what kind of organizational culture would you  to work in?
MiQ10,at what age you would  to retire? and why?
