interviewer_name,interviewer_introduction,text,Answer,Question
Pihu,"Hello, I'm Pihu, and I'll be conducting your interview today. Thank you for taking the time to speak with me. Before we begin, could you please introduce yourself and tell me a bit about your background and experience?","[{'role': 'interviewer', 'content': ''}, {'role': 'interviewee', 'content': ''}]",nan,nan
,,"[{'role': 'interviewer', 'content': ''}, {'role': 'interviewee', 'content': ""Sure, my name is [Sajal], and I have a background in data science. I've completed my Bachelor's degree in Computer Science and have been working in the field for the past five years, specializing in...""}]","sure, my name is sajal, and i have a background in data science. ive completed my bachelors degree in computer science and have been working in the field for <DATE_TIME>, specializing in...",nan
,,"[{'role': 'interviewer', 'content': ""That's great to hear, [Sajal]. Let's dive into the interview. Can you provide an overview of your educational background and how it has prepared you for a career in artificial intelligence?""}, {'role': 'interviewee', 'content': ''}]",nan,"thats great to hear, sajal. lets dive into the interview. can you provide an overview of your educational background and how it has prepared you for a career in artificial intelligence?"
,,"[{'role': 'interviewer', 'content': ''}, {'role': 'interviewee', 'content': ""Certainly. I hold a Bachelor's degree in Data Analytics and I'm currently pursuing a Master's in Data Science. My educational journey has equipped me with a strong foundation in computer science, mathematics, and statistics, which are essential for AI. Additionally, I've completed certifications in Python for Data Science and Advanced Excel, further enhancing my skill set.""}]","certainly. i hold a bachelors degree in data analytics and im currently pursuing a masters in data science. my educational journey has equipped me with a strong foundation in computer science, mathematics, and statistics, which are essential for ai. additionally, ive completed certifications in python for data science and advanced excel, further enhancing my skill set.",nan
,,"[{'role': 'interviewer', 'content': 'How do you stay updated with the latest developments in artificial intelligence and related technologies?'}, {'role': 'interviewee', 'content': ''}]",nan,how do you stay updated with the latest developments in artificial intelligence and related technologies?
,,"[{'role': 'interviewer', 'content': ''}, {'role': 'interviewee', 'content': 'I stay updated by regularly reading research papers, attending conferences, and participating in online forums and communities dedicated to AI. Additionally, I enroll in online courses and engage in hands-on projects to apply new concepts and technologies.'}]","i stay updated by regularly reading research papers, attending conferences, and participating in online forums and communities dedicated to ai. additionally, i enroll in online courses and engage in hands-on projects to apply new concepts and technologies.",nan
,,"[{'role': 'interviewer', 'content': 'Can you discuss a challenging problem you encountered during a data science project and how you resolved it?'}, {'role': 'interviewee', 'content': ''}]",nan,can you discuss a challenging problem you encountered during a data science project and how you resolved it?
,,"[{'role': 'interviewer', 'content': ''}, {'role': 'interviewee', 'content': 'Certainly. During a project involving time series analysis, I faced challenges with data quality and missing values. I addressed this by implementing data imputation techniques and optimizing model parameters to improve accuracy. Collaborating with domain experts also helped in understanding the underlying patterns and refining the model.'}]","certainly. during a project involving time series analysis, i faced challenges with data quality and missing values. i addressed this by implementing data imputation techniques and optimizing model parameters to improve accuracy. collaborating with domain experts also helped in understanding the underlying patterns and refining the model.",nan
,,"[{'role': 'interviewer', 'content': 'In your opinion, what are the key ethical considerations in artificial intelligence, and how do you approach them?'}, {'role': 'interviewee', 'content': ''}]",nan,"in your opinion, what are the key ethical considerations in artificial intelligence, and how do you approach them?"
,,"[{'role': 'interviewer', 'content': ''}, {'role': 'interviewee', 'content': 'Key ethical considerations include bias in AI algorithms, data privacy, and transparency. To address bias, I ensure diverse and representative datasets and regularly evaluate model performance across different demographic groups. I also prioritize user privacy by implementing robust data protection measures and adhering to ethical guidelines in data collection and usage.'}]","key ethical considerations include bias in ai algorithms, data privacy, and transparency. to address bias, i ensure diverse and representative datasets and regularly evaluate model performance across different demographic groups. i also prioritize user privacy by implementing robust data protection measures and adhering to ethical guidelines in data collection and usage.",nan
,,"[{'role': 'interviewer', 'content': 'Can you provide an example of a project where you applied machine learning techniques to solve a real-world problem?'}, {'role': 'interviewee', 'content': ''}]",nan,can you provide an example of a project where you applied machine learning techniques to solve a real-world problem?
,,"[{'role': 'interviewer', 'content': ''}, {'role': 'interviewee', 'content': 'Sure. In the Second Hand Car Price Prediction project, I utilized machine learning regression techniques to predict the price of used cars based on features like mileage, fuel type, and transmission. By analyzing historical sales data and building a predictive model, I provided valuable insights for both buyers and sellers in the used car market.'}]","sure. in the second hand car price prediction project, i utilized machine learning regression techniques to predict the price of used cars based on features  mileage, fuel type, and transmission. by analyzing historical sales data and building a predictive model, i provided valuable insights for both buyers and sellers in the used car market.",nan
,,"[{'role': 'interviewer', 'content': ""How do you handle situations where your machine learning model's performance is not satisfactory?""}, {'role': 'interviewee', 'content': ''}]",nan,how do you handle situations where your machine learning models performance is not satisfactory?
,,"[{'role': 'interviewer', 'content': ''}, {'role': 'interviewee', 'content': 'When faced with subpar model performance, I first conduct a thorough analysis to identify potential issues such as data quality issues or model complexity. Then, I experiment with alternative algorithms, feature engineering techniques, or hyperparameter tuning to improve performance. Continuous iteration and learning from failures are crucial in refining models and achieving better results.'}]","when faced with subpar model performance, i first conduct a thorough analysis to identify potential issues such as data quality issues or model complexity. then, i experiment with alternative algorithms, feature engineering techniques, or hyperparameter tuning to improve performance. continuous iteration and learning from failures are crucial in refining models and achieving better results.",nan
,,"[{'role': 'interviewer', 'content': 'Can you discuss a time when you had to communicate complex technical concepts to non-technical stakeholders?'}, {'role': 'interviewee', 'content': ''}]",nan,can you discuss a time when you had to communicate complex technical concepts to non-technical stakeholders?
,,"[{'role': 'interviewer', 'content': ''}, {'role': 'interviewee', 'content': 'Certainly. During a project involving sales analysis, I created intuitive data visualizations and dashboards using tools like Power BI to present complex sales data in a clear and understandable manner to business stakeholders. I provided explanations on key insights and actionable recommendations, ensuring alignment between technical findings and business objectives.'}]","certainly. during a project involving sales analysis, i created intuitive data visualizations and dashboards using tools  power bi to present complex sales data in a clear and understandable manner to business stakeholders. i provided explanations on key insights and actionable recommendations, ensuring alignment between technical findings and business objectives.",nan
,,"[{'role': 'interviewer', 'content': 'How do you approach feature selection and engineering in machine learning projects?'}, {'role': 'interviewee', 'content': ''}]",nan,how do you approach feature selection and engineering in machine learning projects?
,,"[{'role': 'interviewer', 'content': ''}, {'role': 'interviewee', 'content': 'In feature selection, I use techniques like correlation analysis and feature importance ranking to identify the most relevant predictors. For feature engineering, I leverage domain knowledge to create new features that capture meaningful patterns in the data. Additionally, I employ dimensionality reduction techniques like PCA to reduce computational complexity and enhance model interpretability.'}]","in feature selection, i use techniques  correlation analysis and feature importance ranking to identify the most relevant predictors. for feature engineering, i leverage domain knowledge to create new features that capture meaningful patterns in the data. additionally, i employ dimensionality reduction techniques  pca to reduce computational complexity and enhance model interpretability.",nan
,,"[{'role': 'interviewer', 'content': 'What role do you think interpretability plays in machine learning models, and how do you ensure model interpretability?'}, {'role': 'interviewee', 'content': ''}]",nan,"what role do you think interpretability plays in machine learning models, and how do you ensure model interpretability?"
,,"[{'role': 'interviewer', 'content': ''}, {'role': 'interviewee', 'content': 'Interpretability is crucial as it helps stakeholders understand how models make predictions and trust their decisions. To ensure interpretability, I prioritize using transparent models like decision trees or linear regression whenever possible. I also employ techniques like feature importance analysis and model-agnostic methods such as LIME to provide explanations for individual predictions.'}]","interpretability is crucial as it helps stakeholders understand how models make predictions and trust their decisions. to ensure interpretability, i prioritize using transparent models  decision trees or linear regression whenever possible. i also employ techniques  feature importance analysis and model-agnostic methods such as lime to provide explanations for individual predictions.",nan
,,"[{'role': 'interviewer', 'content': 'Can you discuss your experience with deploying machine learning models into production environments?'}, {'role': 'interviewee', 'content': ''}]",nan,can you discuss your experience with deploying machine learning models into production environments?
,,"[{'role': 'interviewer', 'content': ''}, {'role': 'interviewee', 'content': 'I have experience deploying machine learning models using platforms like AWS SageMaker and Google Cloud AI Platform. I follow best practices for containerization, monitoring, and scaling to ensure seamless integration into production environments. Additionally, I collaborate with DevOps teams to address deployment challenges and maintain model performance post-deployment.'}]","i have experience deploying machine learning models using platforms  aws sagemaker and google cloud ai platform. i follow best practices for containerization, monitoring, and scaling to ensure seamless integration into production environments. additionally, i collaborate with devops teams to address deployment challenges and maintain model performance post-deployment.",nan
,,"[{'role': 'interviewer', 'content': 'How do you evaluate the performance of a machine learning model, and what metrics do you consider?'}, {'role': 'interviewee', 'content': ''}]",nan,"how do you evaluate the performance of a machine learning model, and what metrics do you consider?"
,,"[{'role': 'interviewer', 'content': ''}, {'role': 'interviewee', 'content': 'I evaluate model performance using metrics such as accuracy, precision, recall, and F1-score for classification tasks, and metrics like RMSE and MAE for regression tasks. Additionally, I analyze ROC curves and confusion matrices to assess model robustness and identify trade-offs between different performance metrics.'}]","i evaluate model performance using metrics such as accuracy, precision, recall, and <US_DRIVER_LICENSE>-score for classification tasks, and metrics  rmse and mae for regression tasks. additionally, i analyze <LOCATION> curves and confusion matrices to assess model robustness and identify trade-offs between different performance metrics.",nan
,,"[{'role': 'interviewer', 'content': 'Can you discuss a time when you had to work on a data science project with limited or messy data?'}, {'role': 'interviewee', 'content': ''}]",nan,can you discuss a time when you had to work on a data science project with limited or messy data?
,,"[{'role': 'interviewer', 'content': ''}, {'role': 'interviewee', 'content': 'In a project involving customer segmentation, I encountered challenges with messy data including missing values and inconsistent formatting. To address this, I implemented data cleaning techniques such as imputation and outlier removal. I also collaborated with data engineers to develop data pipelines for automated data preprocessing, ensuring data quality and consistency.'}]","in a project involving customer segmentation, i encountered challenges with messy data including missing values and inconsistent formatting. to address this, i implemented data cleaning techniques such as imputation and outlier removal. i also collaborated with data engineers to develop data pipelines for automated data preprocessing, ensuring data quality and consistency.",nan
,,"[{'role': 'interviewer', 'content': 'How do you handle imbalanced datasets in machine learning projects, and what techniques do you employ to address class imbalance?'}, {'role': 'interviewee', 'content': ''}]",nan,"how do you handle imbalanced datasets in machine learning projects, and what techniques do you employ to address class imbalance?"
,,"[{'role': 'interviewer', 'content': ''}, {'role': 'interviewee', 'content': 'To handle imbalanced datasets, I employ techniques such as oversampling minority classes using SMOTE or undersampling majority classes. I also explore algorithmic approaches like cost-sensitive learning and ensemble methods to mitigate class imbalance and improve model performance on minority classes.'}]","to handle imbalanced datasets, i employ techniques such as oversampling minority classes using smote or undersampling majority classes. i also explore algorithmic approaches  cost-sensitive learning and ensemble methods to mitigate class imbalance and improve model performance on minority classes.",nan
,,"[{'role': 'interviewer', 'content': 'What role does hyperparameter tuning play in optimizing machine learning models, and how do you approach hyperparameter optimization?'}, {'role': 'interviewee', 'content': ''}]",nan,"what role does hyperparameter tuning play in optimizing machine learning models, and how do you approach hyperparameter optimization?"
,,"[{'role': 'interviewer', 'content': ''}, {'role': 'interviewee', 'content': 'Hyperparameter tuning is crucial for optimizing model performance and generalization. I employ techniques like grid search and random search to explore the hyperparameter space efficiently. Additionally, I leverage automated hyperparameter tuning tools like Bayesian optimization or genetic algorithms to accelerate the optimization process and find optimal hyperparameter configurations.'}]","hyperparameter tuning is crucial for optimizing model performance and generalization. i employ techniques  grid search and random search to explore the hyperparameter space efficiently. additionally, i leverage automated hyperparameter tuning tools  bayesian optimization or genetic algorithms to accelerate the optimization process and find optimal hyperparameter configurations.",nan
,,"[{'role': 'interviewer', 'content': 'Can you discuss your experience with building end-to-end machine learning pipelines?'}, {'role': 'interviewee', 'content': ''}]",nan,can you discuss your experience with building end-to-end machine learning pipelines?
,,"[{'role': 'interviewer', 'content': ''}, {'role': 'interviewee', 'content': 'Certainly. I have experience building end-to-end machine learning pipelines using tools like Apache Airflow and Kubeflow. These pipelines encompass data ingestion, preprocessing, feature engineering, model training, evaluation, and deployment stages. By automating these processes, I ensure reproducibility, scalability, and maintainability of machine learning workflows.'}]","certainly. i have experience building end-to-end machine learning pipelines using tools  apache airflow and kubeflow. these pipelines encompass data ingestion, preprocessing, feature engineering, model training, evaluation, and deployment stages. by automating these processes, i ensure reproducibility, scalability, and maintainability of machine learning workflows.",nan
,,"[{'role': 'interviewer', 'content': 'How do you handle outliers in your data preprocessing pipeline, and what techniques do you use for outlier detection and treatment?'}, {'role': 'interviewee', 'content': ''}]",nan,"how do you handle outliers in your data preprocessing pipeline, and what techniques do you use for outlier detection and treatment?"
,,"[{'role': 'interviewer', 'content': ''}, {'role': 'interviewee', 'content': ""I handle outliers by first identifying them using statistical methods like Z-score or IQR. Depending on the nature of outliers, I either remove them if they're data entry errors or apply transformation techniques like Winsorization or log transformation to mitigate their impact on model performance.""}]","i handle outliers by first identifying them using statistical methods  z-score or iqr. depending on the nature of outliers, i either remove them if theyre data entry errors or apply transformation techniques  winsorization or log transformation to mitigate their impact on model performance.",nan
,,"[{'role': 'interviewer', 'content': 'What are your thoughts on ensemble learning techniques, and how have you utilized them in your projects?'}, {'role': 'interviewee', 'content': ''}]",nan,"what are your thoughts on ensemble learning techniques, and how have you utilized them in your projects?"
,,"[{'role': 'interviewer', 'content': ''}, {'role': 'interviewee', 'content': ""Ensemble learning techniques combine multiple base learners to improve model performance and robustness. I've utilized techniques like bagging, boosting, and stacking in various projects to reduce overfitting and improve predictive accuracy. For example, I've used Random Forest and Gradient Boosting algorithms to ensemble decision trees for classification tasks.""}]","ensemble learning techniques combine multiple base learners to improve model performance and robustness. ive utilized techniques  bagging, boosting, and stacking in various projects to reduce overfitting and improve predictive accuracy. for example, ive used random forest and gradient boosting algorithms to ensemble decision trees for classification tasks.",nan
,,"[{'role': 'interviewer', 'content': ""Can you discuss your experience with natural language processing (NLP) and how you've applied it in your projects?""}, {'role': 'interviewee', 'content': ''}]",nan,can you discuss your experience with natural language processing nlp and how youve applied it in your projects?
,,"[{'role': 'interviewer', 'content': ''}, {'role': 'interviewee', 'content': ""I have experience with NLP techniques such as text preprocessing, sentiment analysis, and named entity recognition. In projects like Chatbot development, I've employed techniques like tokenization and part-of-speech tagging to understand user queries and generate appropriate responses. Additionally, I've used NLP for tasks like keyword extraction and topic modeling in text analysis projects.""}]","i have experience with nlp techniques such as text preprocessing, sentiment analysis, and named entity recognition. in projects  chatbot development, ive employed techniques  tokenization and part-of-speech tagging to understand user queries and generate appropriate responses. additionally, ive used nlp for tasks  keyword extraction and topic modeling in text analysis projects.",nan
,,"[{'role': 'interviewer', 'content': 'How do you approach building recommendation systems, and what algorithms do you consider for recommendation tasks?'}, {'role': 'interviewee', 'content': ''}]",nan,"how do you approach building recommendation systems, and what algorithms do you consider for recommendation tasks?"
,,"[{'role': 'interviewer', 'content': ''}, {'role': 'interviewee', 'content': 'For building recommendation systems, I consider collaborative filtering, content-based filtering, and hybrid approaches. I analyze user-item interaction data to generate user profiles and item embeddings. I then apply techniques like matrix factorization or deep learning models to make personalized recommendations based on user preferences and item characteristics.'}]","for building recommendation systems, i consider collaborative filtering, content-based filtering, and hybrid approaches. i analyze user-item interaction data to generate user profiles and item embeddings. i then apply techniques  matrix factorization or deep learning models to make personalized recommendations based on user preferences and item characteristics.",nan
,,"[{'role': 'interviewer', 'content': 'What experience do you have with computer vision techniques, and how have you applied them in your projects?'}, {'role': 'interviewee', 'content': ''}]",nan,"what experience do you have with computer vision techniques, and how have you applied them in your projects?"
,,"[{'role': 'interviewer', 'content': ''}, {'role': 'interviewee', 'content': ""I have experience with computer vision techniques such as image classification, object detection, and image segmentation. For example, in the Dog Breed Recognition project, I developed a convolutional neural network (CNN) model to classify images of dogs into different breeds. I've also used techniques like transfer learning with pre-trained CNN models to extract features and improve model performance.""}]","i have experience with computer vision techniques such as image classification, object detection, and image segmentation. for example, in the dog breed recognition project, i developed a convolutional neural network cnn model to classify images of dogs into different breeds. ive also used techniques  transfer learning with pre-trained cnn models to extract features and improve model performance.",nan
,,"[{'role': 'interviewer', 'content': 'How do you ensure the scalability and efficiency of your machine learning models, especially when dealing with large datasets?'}, {'role': 'interviewee', 'content': ''}]",nan,"how do you ensure the scalability and efficiency of your machine learning models, especially when dealing with large datasets?"
,,"[{'role': 'interviewer', 'content': ''}, {'role': 'interviewee', 'content': 'To ensure scalability and efficiency, I leverage distributed computing frameworks like Apache Spark for parallel processing of large datasets. I also optimize model training and inference pipelines by implementing techniques like batch processing, data sharding, and model caching. Additionally, I explore cloud-based solutions for scalable model deployment and inference.'}]","to ensure scalability and efficiency, i leverage distributed computing frameworks  apache spark for parallel processing of large datasets. i also optimize model training and inference pipelines by implementing techniques  batch processing, data sharding, and model caching. additionally, i explore cloud-based solutions for scalable model deployment and inference.",nan
,,"[{'role': 'interviewer', 'content': 'Can you discuss a project where you applied deep learning techniques, and what challenges did you encounter?'}, {'role': 'interviewee', 'content': ''}]",nan,"can you discuss a project where you applied deep learning techniques, and what challenges did you encounter?"
,,"[{'role': 'interviewer', 'content': ''}, {'role': 'interviewee', 'content': 'In a project involving image recognition, I applied deep learning techniques such as convolutional neural networks (CNNs) to classify images into different categories. One challenge I encountered was overfitting due to limited training data. To address this, I employed techniques like data augmentation and dropout regularization to improve model generalization and performance.'}]","in a project involving image recognition, i applied deep learning techniques such as convolutional neural networks cnns to classify images into different categories. one challenge i encountered was overfitting due to limited training data. to address this, i employed techniques  data augmentation and dropout regularization to improve model generalization and performance.",nan
,,"[{'role': 'interviewer', 'content': 'What experience do you have with time series analysis, and how have you applied it in your projects?'}, {'role': 'interviewee', 'content': ''}]",nan,"what experience do you have with time series analysis, and how have you applied it in your projects?"
,,"[{'role': 'interviewer', 'content': ''}, {'role': 'interviewee', 'content': ""I have experience with time series analysis techniques such as ARIMA, LSTM, and Prophet. In projects like Sales Forecasting, I've applied these techniques to analyze temporal patterns and make future predictions. I preprocess time series data by handling seasonality, trend, and noise components, and then apply appropriate forecasting models to generate accurate predictions.""}]","i have experience with time series analysis techniques such as arima, <LOCATION>, and prophet. in projects  sales forecasting, ive applied these techniques to analyze temporal patterns and make future predictions. i preprocess time series data by handling seasonality, trend, and noise components, and then apply appropriate forecasting models to generate accurate predictions.",nan
,,"[{'role': 'interviewer', 'content': 'How do you approach model explainability and interpretability in machine learning projects?'}, {'role': 'interviewee', 'content': ''}]",nan,how do you approach model explainability and interpretability in machine learning projects?
,,"[{'role': 'interviewer', 'content': ''}, {'role': 'interviewee', 'content': 'Model explainability is essential for understanding model predictions and building trust with stakeholders. I employ techniques like SHAP values, LIME, and partial dependence plots to explain individual predictions and feature contributions. Additionally, I communicate model insights and limitations transparently to stakeholders, fostering informed decision-making.'}]","model explainability is essential for understanding model predictions and building trust with stakeholders. i employ techniques  shap values, lime, and partial dependence plots to explain individual predictions and feature contributions. additionally, i communicate model insights and limitations transparently to stakeholders, fostering informed decision-making.",nan
,,"[{'role': 'interviewer', 'content': ""Can you discuss your experience with cloud-based machine learning platforms like AWS or Google Cloud, and how you've utilized them in your projects?""}, {'role': 'interviewee', 'content': ''}]",nan,"can you discuss your experience with cloud-based machine learning platforms  aws or google cloud, and how youve utilized them in your projects?"
,,"[{'role': 'interviewer', 'content': ''}, {'role': 'interviewee', 'content': 'I have experience with AWS SageMaker and Google Cloud AI Platform for deploying and managing machine learning models in cloud environments. I utilize these platforms for model training, hyperparameter tuning, and scalable deployment. Additionally, I leverage cloud-based storage and compute resources for managing large datasets and conducting distributed model training.'}]","i have experience with aws sagemaker and google cloud ai platform for deploying and managing machine learning models in cloud environments. i utilize these platforms for model training, hyperparameter tuning, and scalable deployment. additionally, i leverage cloud-based storage and compute resources for managing large datasets and conducting distributed model training.",nan
,,"[{'role': 'interviewer', 'content': 'What strategies do you employ for data preprocessing and cleaning in machine learning projects?'}, {'role': 'interviewee', 'content': ''}]",nan,what strategies do you employ for data preprocessing and cleaning in machine learning projects?
,,"[{'role': 'interviewer', 'content': ''}, {'role': 'interviewee', 'content': 'For data preprocessing, I start by exploring and understanding the data distribution and identifying missing values and outliers. I then apply techniques like imputation, normalization, and scaling to prepare the data for modeling. Additionally, I handle categorical variables through techniques like one-hot encoding or label encoding to convert them into a suitable format for model training.'}]","for data preprocessing, i start by exploring and understanding the data distribution and identifying missing values and outliers. i then apply techniques  imputation, normalization, and scaling to prepare the data for modeling. additionally, i handle categorical variables through techniques  one-hot encoding or label encoding to convert them into a suitable format for model training.",nan
,,"[{'role': 'interviewer', 'content': 'How do you approach data visualization in your data science projects, and what tools do you use?'}, {'role': 'interviewee', 'content': ''}]",nan,"how do you approach data visualization in your data science projects, and what tools do you use?"
,,"[{'role': 'interviewer', 'content': ''}, {'role': 'interviewee', 'content': 'I use data visualization to communicate insights and trends effectively to stakeholders. I leverage tools like Matplotlib, Seaborn, and Tableau to create visualizations such as histograms, scatter plots, and heatmaps. I also customize visualizations to highlight key findings and support decision-making processes.'}]","i use data visualization to communicate insights and trends effectively to stakeholders. i leverage tools  matplotlib, <PERSON>, and tableau to create visualizations such as histograms, scatter plots, and heatmaps. i also customize visualizations to highlight key findings and support decision-making processes.",nan
,,"[{'role': 'interviewer', 'content': 'What considerations do you take into account when selecting the appropriate machine learning algorithm for a given task?'}, {'role': 'interviewee', 'content': ''}]",nan,what considerations do you take into account when selecting the appropriate machine learning algorithm for a given task?
,,"[{'role': 'interviewer', 'content': ''}, {'role': 'interviewee', 'content': 'When selecting machine learning algorithms, I consider factors such as the nature of the problem (classification, regression, clustering), the size and complexity of the dataset, and the interpretability and scalability requirements. I conduct comparative analyses and experimentation with multiple algorithms to identify the most suitable approach for the task at hand.'}]","when selecting machine learning algorithms, i consider factors such as the nature of the problem classification, regression, clustering, the size and complexity of the dataset, and the interpretability and scalability requirements. i conduct comparative analyses and experimentation with multiple algorithms to identify the most suitable approach for the task at hand.",nan
,,"[{'role': 'interviewer', 'content': 'Can you discuss your experience with data storytelling and how you effectively communicate insights from your data?'}, {'role': 'interviewee', 'content': ''}]",nan,can you discuss your experience with data storytelling and how you effectively communicate insights from your data?
,,"[{'role': 'interviewer', 'content': ''}, {'role': 'interviewee', 'content': ""Data storytelling involves crafting narratives around data to convey insights and drive action. I structure my analysis around a compelling storyline, starting with a clear problem statement and providing context through data visualizations and supporting evidence. I tailor the narrative to the audience's level of understanding and highlight actionable recommendations based on data-driven insights.""}]","data storytelling involves crafting narratives around data to convey insights and drive action. i structure my analysis around a compelling storyline, starting with a clear problem statement and providing context through data visualizations and supporting evidence. i tailor the narrative to the audiences level of understanding and highlight actionable recommendations based on data-driven insights.",nan
,,"[{'role': 'interviewer', 'content': 'What measures do you take to ensure data privacy and security in your data science projects?'}, {'role': 'interviewee', 'content': ''}]",nan,what measures do you take to ensure data privacy and security in your data science projects?
,,"[{'role': 'interviewer', 'content': ''}, {'role': 'interviewee', 'content': 'Data privacy and security are paramount in data science projects. I adhere to best practices such as anonymization, encryption, and access control to protect sensitive information. Additionally, I ensure compliance with data protection regulations like GDPR and HIPAA and collaborate with cybersecurity teams to mitigate risks and vulnerabilities in data handling and storage.'}]","data privacy and security are paramount in data science projects. i adhere to best practices such as anonymization, encryption, and access control to protect sensitive information. additionally, i ensure compliance with data protection regulations  gdpr and hipaa and collaborate with cybersecurity teams to mitigate risks and vulnerabilities in data handling and storage.",nan
,,"[{'role': 'interviewer', 'content': 'How do you approach feature extraction and selection in machine learning projects, and what techniques do you use?'}, {'role': 'interviewee', 'content': ''}]",nan,"how do you approach feature extraction and selection in machine learning projects, and what techniques do you use?"
,,"[{'role': 'interviewer', 'content': ''}, {'role': 'interviewee', 'content': 'Feature extraction involves transforming raw data into informative features that capture relevant patterns for modeling. I utilize techniques like principal component analysis (PCA), t-distributed stochastic neighbor embedding (t-SNE), and autoencoders for dimensionality reduction and feature representation. For feature selection, I apply methods like recursive feature elimination (RFE) and feature importance ranking based on model coefficients or information gain.'}]","feature extraction involves transforming raw data into informative features that capture relevant patterns for modeling. i utilize techniques  principal component analysis pca, t-distributed stochastic neighbor embedding t-sne, and autoencoders for dimensionality reduction and feature representation. for feature selection, i apply methods  recursive feature elimination rfe and feature importance ranking based on model coefficients or information gain.",nan
,,"[{'role': 'interviewer', 'content': 'What role does domain knowledge play in data science projects, and how do you acquire domain expertise in different industries?'}, {'role': 'interviewee', 'content': ''}]",nan,"what role does domain knowledge play in data science projects, and how do you acquire domain expertise in different industries?"
,,"[{'role': 'interviewer', 'content': ''}, {'role': 'interviewee', 'content': 'Domain knowledge is essential for understanding the context and nuances of data science projects in specific industries. I acquire domain expertise through continuous learning, collaboration with domain experts, and immersion in industry-specific literature and resources. By understanding domain-specific challenges and requirements, I can develop tailored data science solutions that address business needs effectively.'}]","domain knowledge is essential for understanding the context and nuances of data science projects in specific industries. i acquire domain expertise through continuous learning, collaboration with domain experts, and immersion in industry-specific literature and resources. by understanding domain-specific challenges and requirements, i can develop tailored data science solutions that address business needs effectively.",nan
,,"[{'role': 'interviewer', 'content': 'What do you enjoy most about working in data science, and what motivates you in your career?'}, {'role': 'interviewee', 'content': ''}]",nan,"what do you enjoy most about working in data science, and what motivates you in your career?"
,,"[{'role': 'interviewer', 'content': ''}, {'role': 'interviewee', 'content': ""What I enjoy most about working in data science is the opportunity to solve complex problems and uncover meaningful insights from data that drive positive impact and innovation. I'm motivated by the continuous learning and evolution of the field, as well as the collaborative nature of interdisciplinary projects that involve applying cutting-edge technologies to real-world challenges.""}]","what i enjoy most about working in data science is the opportunity to solve complex problems and uncover meaningful insights from data that drive positive impact and innovation. im motivated by the continuous learning and evolution of the field, as  as the collaborative nature of interdisciplinary projects that involve applying cutting-edge technologies to real-world challenges.",nan
,,"[{'role': 'interviewer', 'content': ""Great, [Sajal]. We've covered a lot of ground in this interview. Before we conclude, do you have any questions for me or anything else you'd like to discuss?""}, {'role': 'interviewee', 'content': ''}]",nan,"great, sajal. weve covered a lot of ground in this interview. before we conclude, do you have any questions for me or anything else youd  to discuss?"
,,"[{'role': 'interviewer', 'content': ''}, {'role': 'interviewee', 'content': 'Thank you, Pihu, for the insightful interview. I do have a couple of questions regarding the company culture and opportunities for professional growth. Can you provide more information about the team dynamics and any ongoing projects I may be involved in if selected for this role?'}]","thank you, pihu, for the insightful interview. i do have a couple of questions regarding the company culture and opportunities for professional growth. can you provide more information about the team dynamics and any ongoing projects i may be involved in if selected for this role?",nan
,,"[{'role': 'interviewer', 'content': 'Absolutely, [Sajal]. Our team prides itself on a collaborative and supportive culture, where innovation and creativity are encouraged. We have several exciting projects in the pipeline, including initiatives focused on AI-driven product development and optimization. Additionally, we offer opportunities for professional development through training programs and mentorship opportunities. Does that answer your question?'}, {'role': 'interviewee', 'content': ''}]",nan,"absolutely, sajal. our team prides itself on a collaborative and supportive culture, where innovation and creativity are encouraged. we have several exciting projects in the pipeline, including initiatives focused on ai-driven product development and optimization. additionally, we offer opportunities for professional development through training programs and mentorship opportunities. does that answer your question?"
,,"[{'role': 'interviewer', 'content': ''}, {'role': 'interviewee', 'content': ""Yes, that sounds great. Thank you for the insights, Pihu. I'm excited about the possibility of joining your team and contributing to such impactful projects. I look forward to hearing from you regarding the next steps.""}]","yes, that sounds great. thank you for the insights, pihu. im excited about the possibility of joining your team and contributing to such impactful projects. i look forward to hearing from you regarding the next steps.",nan
