{
  "Situation": {
    "1": "No context or task background provided",
    "2": "Partial context or task background provided but still missing details",
    "3": "Clear and complete context or task background provided"
  },
  "Task": {
    "1": "No specific task or responsibility provided",
    "2": "Partial task or responsibility description provided but still missing details",
    "3": "Clear and complete task or responsibility provided"
  },
  "Action": {
    "1": "No specific task actions provided",
    "2": "Partial task actions provided but still missing details",
    "3": "Clear and complete task actions and work process provided"
  },
  "Result": {
    "1": "No measurable outcomes provided",
    "2": "Partial outcomes provided but still missing details",
    "3": "Clear and complete outcomes and skills leanred provided"
  }
}